{
    "InputType": "Stereo",
    "Version": "2024.1.0",
    "Camera0index": "_0.",
    "Camera1index": "_1.",
    "Camera0intrinsic": [
        "19446.9967841915",
        "19449.2302572515",
        "3.98670873300306",
        "-0.198314453249161",
        "-1.17758838620526",
        "25.0116707082892",
        "0.000657138937677177",
        "-0.00126992881650487",
        "2621.71037951333",
        "2292.06264680094",
        "0",
        "0"
    ],
    "Camera1intrinsic": [
        "19488.1391697726",
        "19487.4557729832",
        "-3.44692648059168",
        "-0.186849988637355",
        "-1.16571544515433",
        "25.7568337708707",
        "-0.000259094266932671",
        "-0.000805856843096683",
        "2656.1688811299",
        "2254.54727562117",
        "0",
        "0"
    ],
    "Distortions": 5,
    "Extrinsicparameters": [
        "-76.1592000058748",
        "0.369895217396606",
        "6.68573747859262",
        "-0.179308269821643",
        "11.2283226357855",
        "-0.273496208384499"
    ],
    "Subsetsize": 39,
    "Stepsize": 15,
    "Correlation": 5,
    "SubsetWeight": 0,
    "Interpolation": 6,
    "Transformation": 3,
    "StereoTransformation": 1,
    "Precision": [
        "0.001"
    ],
    "Iterations": 20,
    "Correlationtreshold": [
        "0.9"
    ],
    "Missingdata": false,
    "Maximalrigid": 100,
    "Estimatedstrain": "small",
    "Largeangles": false,
    "History": 1,
    "Noise": 2,
    "Kernelsize": 5,
    "Epipolartolerance": [
        "5"
    ],
    "Epipolarerror": 10,
    "Triangulationoptimization": false,
    "Processors": 32,
    "Coordinatetransformation": 1,
    "Rescaled": true,
    "Automaticstrain": false,
    "Strainwindow": 5,
    "Pointtolerance": 0,
    "Strainconvention": 1,
    "Straininterpolation": 0,
    "Automaticexport": false,
    "Exportformat": 0,
    "Outputpath": "C:\\TempWorkingDirectory\\AdelTayeb\\HIVE\\HIVE_Data_04_07_2023\\04_07\\Pulse_19KW",
    "DataStorage": 1,
    "Delimiter": ",",
    "Shape": [
        "2",
        "0",
        "False",
        "4",
        "1992",
        "1970",
        "2539",
        "1970",
        "2539",
        "3322",
        "1992",
        "3322",
        "2266",
        "2653"
    ]
}