{
    "InputType": "Stereo",
    "Version": "2024.1.0",
    "Camera0index": "_0.",
    "Camera1index": "_1.",
    "Camera0intrinsic": {
        "Fx": 19446.9967841915,
        "Fy": 19449.2302572515,
        "Fs": 3.98670873300306,
        "K1": -0.198314453249161,
        "K2": -1.17758838620526,
        "K3": 25.0116707082892,
        "P1": 0.000657138937677177,
        "P2": -0.00126992881650487,
        "Cx": 2621.71037951333,
        "Cy": 2292.06264680094,
        "Xoffst": 0.0,
        "Yoffst": 0.0
    },
    "Camera1intrinsic": {
        "Fx": 19488.1391697726,
        "Fy": 19487.4557729832,
        "Fs": -3.44692648059168,
        "K1": -0.186849988637355,
        "K2": -1.16571544515433,
        "K3": 25.7568337708707,
        "P1": -0.000259094266932671,
        "P2": -0.000805856843096683,
        "Cx": 2656.1688811299,
        "Cy": 2254.54727562117,
        "Xoffst": 0.0,
        "Yoffst": 0.0
    },
    "Distortions": 5,
    "Extrinsicparameters": {
        "Tx": -76.1592000058748,
        "Ty": 0.369895217396606,
        "Tz": 6.68573747859262,
        "Thta": -0.179308269821643,
        "Phi": 11.2283226357855,
        "Psi": -0.273496208384499
    },
    "Subsetsize": 39,
    "Stepsize": 15,
    "Correlation": 5,
    "SubsetWeight": 0,
    "Interpolation": 6,
    "Transformation": 3,
    "StereoTransformation": 1,
    "Precision": [
        0.001
    ],
    "Iterations": 20,
    "Correlationtreshold": [
        0.9
    ],
    "Missingdata": false,
    "Maximalrigid": 100,
    "Estimatedstrain": "small",
    "Largeangles": false,
    "History": 1,
    "Noise": 2,
    "Kernelsize": 5,
    "Epipolartolerance": [
        5.0
    ],
    "Epipolarerror": 10,
    "Triangulationoptimization": false,
    "Processors": 32,
    "Coordinatetransformation": 1,
    "Rescaled": true,
    "Automaticstrain": false,
    "Strainwindow": 5,
    "Pointtolerance": 0,
    "Strainconvention": 1,
    "Straininterpolation": 0,
    "Automaticexport": false,
    "Exportformat": 0,
    "Outputpath": "C:\\TempWorkingDirectory\\AdelTayeb\\HIVE\\HIVE_Data_04_07_2023\\04_07\\Pulse_19KW",
    "DataStorage": 1,
    "Delimiter": ",",
    "Shape": [
        0,
        false,
        4,
        1992,
        1970,
        2539,
        1970,
        2539,
        3322,
        1992,
        3322,
        2266,
        2653
    ]
}